<AnswerKey xmlns="http://mechanicalturk.amazonaws.com/AWSMechanicalTurkDataSchemas/2005-10-01/AnswerKey.xsd">
    <Question>
        <QuestionIdentifier>question1</QuestionIdentifier>
        <AnswerOption>
            <SelectionIdentifier>2</SelectionIdentifier>
            <AnswerScore>1</AnswerScore>
        </AnswerOption>
    </Question>
    
    <Question>
        <QuestionIdentifier>question2</QuestionIdentifier>
        <AnswerOption>
            <SelectionIdentifier>2</SelectionIdentifier>
            <AnswerScore>1</AnswerScore>
        </AnswerOption>
    </Question>
    
    <Question>
        <QuestionIdentifier>question3</QuestionIdentifier>
        <AnswerOption>
            <SelectionIdentifier>1</SelectionIdentifier>
            <AnswerScore>1</AnswerScore>
        </AnswerOption>
    </Question>

    <QualificationValueMapping>
        <PercentageMapping>
            <MaximumSummedScore>3</MaximumSummedScore>
        </PercentageMapping>
    </QualificationValueMapping>
</AnswerKey>